{"cameraMode":{"drawMode":0,"name":"Shaded","section":"Shading Mode"},"sceneLighting":false,"audioPlay":false,"sceneViewState":{"showFog":true,"showMaterialUpdate":false,"showSkybox":false,"showFlares":true,"showImageEffects":true,"showParticleSystems":true},"in2DMode":false,"pivot":{"x":70.44993591308594,"y":-17.008377075195314,"z":-132.32798767089845},"rotation":{"x":-0.27377593517303469,"y":0.5830375552177429,"z":-0.21766473352909089,"w":-0.7333166599273682},"size":2.273207902908325,"orthographic":false}