{"cameraMode":{"drawMode":0,"name":"Shaded","section":"Shading Mode"},"sceneLighting":false,"audioPlay":false,"sceneViewState":{"showFog":true,"showMaterialUpdate":false,"showSkybox":false,"showFlares":true,"showImageEffects":true,"showParticleSystems":true},"in2DMode":false,"pivot":{"x":-5.680537700653076,"y":0.30004701018333437,"z":0.8097553253173828},"rotation":{"x":0.07078587263822556,"y":-0.2801242768764496,"z":0.02071002684533596,"w":0.9571298360824585},"size":1.0417014360427857,"orthographic":false}