{"cameraMode":{"drawMode":0,"name":"Shaded","section":"Shading Mode"},"sceneLighting":false,"audioPlay":false,"sceneViewState":{"showFog":true,"showMaterialUpdate":false,"showSkybox":false,"showFlares":true,"showImageEffects":true,"showParticleSystems":true},"in2DMode":false,"pivot":{"x":-0.06882524490356446,"y":6.301741123199463,"z":-0.08823341131210327},"rotation":{"x":-0.0687582865357399,"y":0.9366957545280457,"z":-0.17466065287590028,"w":-0.29572516679763796},"size":6.985934257507324,"orthographic":false}