{"cameraMode":{"drawMode":0,"name":"Shaded","section":"Shading Mode"},"sceneLighting":false,"audioPlay":false,"sceneViewState":{"showFog":true,"showMaterialUpdate":false,"showSkybox":false,"showFlares":true,"showImageEffects":true,"showParticleSystems":true},"in2DMode":false,"pivot":{"x":0.0,"y":0.5060451030731201,"z":0.00014516711235046387},"rotation":{"x":0.0665610134601593,"y":-0.9222549200057983,"z":0.33332887291908266,"w":0.18414336442947389},"size":0.6397691369056702,"orthographic":false}