{"cameraMode":{"drawMode":0,"name":"Shaded","section":"Shading Mode"},"sceneLighting":true,"audioPlay":false,"sceneViewState":{"showFog":true,"showMaterialUpdate":false,"showSkybox":true,"showFlares":true,"showImageEffects":true,"showParticleSystems":true},"in2DMode":false,"pivot":{"x":1010.7145385742188,"y":83.69074249267578,"z":-73.84298706054688},"rotation":{"x":0.034176141023635867,"y":0.020711848512291909,"z":0.0007143290131352842,"w":-0.9992095828056336},"size":172.0164337158203,"orthographic":false}